user,level,department,knowledge,knowledge2,knowledge3,sername,email,password,smtp,active
user1,1,CEO,MANAGEMENT,STRATEGY,MANAGEMENT,user1_1_CEO,user1_1_CEO@eknowedge.com,user1_1_CEO,192.168.1.108,Y
user2,0,STEERING,MANAGEMENT,STRATEGY,TECHNOLOGY,user2_0_STEERING,user2_0_STEERING@eknowedge.com,user2_0_STEERING,192.168.1.109,Y
user3,0,STEERING,MANAGEMENT,STRATEGY,OPERATIONS,user3_0_STEERING,user3_0_STEERING@eknowedge.com,user3_0_STEERING,192.168.1.110,Y
user4,0,STEERING,MANAGEMENT,STRATEGY,SALES,user4_0_STEERING,user4_0_STEERING@eknowedge.com,user4_0_STEERING,192.168.1.111,Y
user5,0,STEERING,MANAGEMENT,STRATEGY,MARKETING,user5_0_STEERING,user5_0_STEERING@eknowedge.com,user5_0_STEERING,192.168.1.112,Y
user6,0,STEERING,MANAGEMENT,STRATEGY,SUPPORT,user6_0_STEERING,user6_0_STEERING@eknowedge.com,user6_0_STEERING,192.168.1.113,Y
user7,0,STEERING,MANAGEMENT,STRATEGY,STRATEGY,user7_0_STEERING,user7_0_STEERING@eknowedge.com,user7_0_STEERING,192.168.1.114,Y
user8,0,STEERING,MANAGEMENT,STRATEGY,PROVIDERS,user8_0_STEERING,user8_0_STEERING@eknowedge.com,user8_0_STEERING,192.168.1.115,Y
user9,0,STEERING,MANAGEMENT,STRATEGY,MANAGEMENT,user9_0_STEERING,user9_0_STEERING@eknowedge.com,user9_0_STEERING,192.168.1.116,Y
user10,-1,TECHNOLOGY,TECHNOLOGY,TECHNOLOGY,TECHNOLOGY,user10_-1_TECHNOLOGY,user10_-1_TECHNOLOGY@eknowedge.com,user10_-1_TECHNOLOGY,192.168.1.117,Y
user11,-1,OPERATIONS,OPERATIONS,OPERATIONS,OPERATIONS,user11_-1_OPERATIONS,user11_-1_OPERATIONS@eknowedge.com,user11_-1_OPERATIONS,192.168.1.118,Y
user12,-1,SALES,SALES,SALES,SALES,user12_-1_SALES,user12_-1_SALES@eknowedge.com,user12_-1_SALES,192.168.1.119,Y
user13,-1,MARKETING,MARKETING,MARKETING,MARKETING,user13_-1_MARKETING,user13_-1_MARKETING@eknowedge.com,user13_-1_MARKETING,192.168.1.120,Y
user14,-1,SUPPORT,SUPPORT,SUPPORT,SUPPORT,user14_-1_SUPPORT,user14_-1_SUPPORT@eknowedge.com,user14_-1_SUPPORT,192.168.1.121,Y
user15,-1,STRATEGY,STRATEGY,STRATEGY,STRATEGY,user15_-1_STRATEGY,user15_-1_STRATEGY@eknowedge.com,user15_-1_STRATEGY,192.168.1.122,Y
user16,-1,PROVIDERS,PROVIDERS,PROVIDERS,PROVIDERS,user16_-1_PROVIDERS,user16_-1_PROVIDERS@eknowedge.com,user16_-1_PROVIDERS,192.168.1.123,Y
user17,-2,TECHNOLOGY,TECHNOLOGY,TECHNOLOGY,TECHNOLOGY,user17_-2_TECHNOLOGY,user17_-2_TECHNOLOGY@eknowedge.com,user17_-2_TECHNOLOGY,192.168.1.124,Y
user18,-2,TECHNOLOGY,TECHNOLOGY,TECHNOLOGY,TECHNOLOGY,user18_-2_TECHNOLOGY,user18_-2_TECHNOLOGY@eknowedge.com,user18_-2_TECHNOLOGY,192.168.1.125,Y
user19,-2,TECHNOLOGY,TECHNOLOGY,TECHNOLOGY,TECHNOLOGY,user19_-2_TECHNOLOGY,user19_-2_TECHNOLOGY@eknowedge.com,user19_-2_TECHNOLOGY,192.168.1.126,Y
user20,-2,OPERATIONS,OPERATIONS,OPERATIONS,OPERATIONS,user20_-2_OPERATIONS,user20_-2_OPERATIONS@eknowedge.com,user20_-2_OPERATIONS,192.168.1.127,Y
user21,-2,OPERATIONS,OPERATIONS,OPERATIONS,OPERATIONS,user21_-2_OPERATIONS,user21_-2_OPERATIONS@eknowedge.com,user21_-2_OPERATIONS,192.168.1.128,Y
user22,-2,OPERATIONS,OPERATIONS,OPERATIONS,OPERATIONS,user22_-2_OPERATIONS,user22_-2_OPERATIONS@eknowedge.com,user22_-2_OPERATIONS,192.168.1.129,Y
user23,-2,SALES,SALES,SALES,SALES,user23_-2_SALES,user23_-2_SALES@eknowedge.com,user23_-2_SALES,192.168.1.130,Y
user24,-2,SALES,SALES,SALES,SALES,user24_-2_SALES,user24_-2_SALES@eknowedge.com,user24_-2_SALES,192.168.1.131,Y
user25,-2,SALES,SALES,SALES,SALES,user25_-2_SALES,user25_-2_SALES@eknowedge.com,user25_-2_SALES,192.168.1.132,Y
user26,-2,MARKETING,MARKETING,MARKETING,MARKETING,user26_-2_MARKETING,user26_-2_MARKETING@eknowedge.com,user26_-2_MARKETING,192.168.1.133,Y
user27,-2,MARKETING,MARKETING,MARKETING,MARKETING,user27_-2_MARKETING,user27_-2_MARKETING@eknowedge.com,user27_-2_MARKETING,192.168.1.134,Y
user28,-2,MARKETING,MARKETING,MARKETING,MARKETING,user28_-2_MARKETING,user28_-2_MARKETING@eknowedge.com,user28_-2_MARKETING,192.168.1.135,Y
user29,-2,SUPPORT,SUPPORT,SUPPORT,SUPPORT,user29_-2_SUPPORT,user29_-2_SUPPORT@eknowedge.com,user29_-2_SUPPORT,192.168.1.136,Y
user30,-2,SUPPORT,SUPPORT,SUPPORT,SUPPORT,user30_-2_SUPPORT,user30_-2_SUPPORT@eknowedge.com,user30_-2_SUPPORT,192.168.1.137,Y
user31,-2,SUPPORT,SUPPORT,SUPPORT,SUPPORT,user31_-2_SUPPORT,user31_-2_SUPPORT@eknowedge.com,user31_-2_SUPPORT,192.168.1.138,Y
user32,-2,STRATEGY,STRATEGY,STRATEGY,STRATEGY,user32_-2_STRATEGY,user32_-2_STRATEGY@eknowedge.com,user32_-2_STRATEGY,192.168.1.139,Y
user33,-2,STRATEGY,STRATEGY,STRATEGY,STRATEGY,user33_-2_STRATEGY,user33_-2_STRATEGY@eknowedge.com,user33_-2_STRATEGY,192.168.1.140,Y
user34,-2,STRATEGY,STRATEGY,STRATEGY,STRATEGY,user34_-2_STRATEGY,user34_-2_STRATEGY@eknowedge.com,user34_-2_STRATEGY,192.168.1.141,Y
user35,-2,PROVIDERS,PROVIDERS,PROVIDERS,PROVIDERS,user35_-2_PROVIDERS,user35_-2_PROVIDERS@eknowedge.com,user35_-2_PROVIDERS,192.168.1.142,Y
user36,-2,PROVIDERS,PROVIDERS,PROVIDERS,PROVIDERS,user36_-2_PROVIDERS,user36_-2_PROVIDERS@eknowedge.com,user36_-2_PROVIDERS,192.168.1.143,Y
user37,-2,PROVIDERS,PROVIDERS,PROVIDERS,PROVIDERS,user37_-2_PROVIDERS,user37_-2_PROVIDERS@eknowedge.com,user37_-2_PROVIDERS,192.168.1.144,Y
user38,-3,TECHNOLOGY,TECHNOLOGY,TECHNOLOGY,TECHNOLOGY,user38_-3_TECHNOLOGY,user38_-3_TECHNOLOGY@eknowedge.com,user38_-3_TECHNOLOGY,192.168.1.145,Y
user39,-3,OPERATIONS,OPERATIONS,OPERATIONS,OPERATIONS,user39_-3_OPERATIONS,user39_-3_OPERATIONS@eknowedge.com,user39_-3_OPERATIONS,192.168.1.146,Y
user40,-3,SALES,SALES,SALES,SALES,user40_-3_SALES,user40_-3_SALES@eknowedge.com,user40_-3_SALES,192.168.1.147,Y
user41,-3,MARKETING,MARKETING,MARKETING,MARKETING,user41_-3_MARKETING,user41_-3_MARKETING@eknowedge.com,user41_-3_MARKETING,192.168.1.148,Y
user42,-3,SUPPORT,SUPPORT,SUPPORT,SUPPORT,user42_-3_SUPPORT,user42_-3_SUPPORT@eknowedge.com,user42_-3_SUPPORT,192.168.1.149,Y
user43,-3,STRATEGY,STRATEGY,STRATEGY,STRATEGY,user43_-3_STRATEGY,user43_-3_STRATEGY@eknowedge.com,user43_-3_STRATEGY,192.168.1.150,Y
user44,-3,PROVIDERS,PROVIDERS,PROVIDERS,PROVIDERS,user44_-3_PROVIDERS,user44_-3_PROVIDERS@eknowedge.com,user44_-3_PROVIDERS,192.168.1.151,Y
user45,-3,TECHNOLOGY,TECHNOLOGY,TECHNOLOGY,TECHNOLOGY,user45_-3_TECHNOLOGY,user45_-3_TECHNOLOGY@eknowedge.com,user45_-3_TECHNOLOGY,192.168.1.152,Y
